Workbook

Sheet PO Print
A1: Purchase Order | H1: =NOW() -> 46239.394
A2: Vendor : | G2: TIN : | I2: =Entry!B1 -> 0
B3: =Entry!B2 -> 0 | G3: P.O. No : | I3: =Entry!B3 -> 0
G4: Delivery Date : | I4: =Entry!B4 -> 0
G5: Delivery Time : | I5: =Entry!B5 -> 0
G6: Delivery location : | I6: =Entry!B6 -> 0
G7: Contact Number : | I7: =Entry!B7 -> 0
G8: Quotation number : | I8: =Entry!B8 -> 0
G9: Payment Terms :
A10: Attn :
B11: We are pleased to place our order for the following items and request you to delivery the items on the requested date above mentioned
B13: Please send invoices to stores@angaga.com.mv and cc to procurement@happymarket.com.mv as same day when delivering goods. Even If you Issued a HardCopy
B14: ="Delivery required " & TRIM(Entry!B5) -> Delivery required | F14: =Entry!B4 -> 0
A15: No. | B15: Item Name | C15: Unit | D15: Qty | E15: Rate | F15: Sub Total | G15: Gst | H15: Total | I15: REMARKS | J15: Resort Ref
F22: SUB | G22: GST | H22: TOTAL(MVR)
B23: =IF(Entry!C9=TRUE(), "GST Excluded", "" ) | F23: =SUM(ItemsTable[Sub Total]) -> 0 | G23: =SUM(ItemsTable[Gst]) -> 0 | H23: =SUM(ItemsTable[Total]) -> 0
A24: Terms :
B25: 1. Please quote order number when submitting bills.
B26: 2. Any discrepancy in rates of Purchase Order with agreed rates should be informed immediately and make the necessary adjustments before releasing the items.
B27: 3. This PO is valid for 3 days from the date of PO, Invoices should be issued within 3 days of the PO date and attach a copy.
B28: 4. Please inform if the payment is not received for the above within 45 days.
I31: Authorized By

Sheet Entry
A1: TIN NUMBER :
A2: VENDOR :
A3: PO NUMBER :
A4: DELIVERY DATE :
A5: DELIVERY TIME :
A6: DELIVERY LOCATION :
A7: CONTACT NUMBER :
A8: QUOTATION NUMBER :
A9: GST EXCLUDED | B9: =FALSE() -> FALSE | C9: =B9 -> FALSE
A10: GST % | B10: 8
A12: LINE ITEM | B12: UNIT | C12: QTY | D12: RATE | E12: REMARKS | F12: PO | G12: GST APPLICABLE | H12: SUB TOTAL | I12: GST | J12: TOTAL
H13: =DataTable[[#This Row],[RATE]]*DataTable[[#This Row],[QTY]] -> 0 | I13: =IF(OR(G13="Y",G13="y"),ROUND(H13*$B$10%,2),0) -> 0 | J13: =DataTable[[#This Row],[SUB TOTAL]]+DataTable[[#This Row],[GST]] -> 0
H14: =DataTable[[#This Row],[RATE]]*DataTable[[#This Row],[QTY]] -> 0 | I14: =IF(OR(G14="Y",G14="y"),ROUND(H14*$B$10%,2),0) -> 0 | J14: =DataTable[[#This Row],[SUB TOTAL]]+DataTable[[#This Row],[GST]] -> 0
H15: =DataTable[[#This Row],[RATE]]*DataTable[[#This Row],[QTY]] -> 0 | I15: =IF(OR(G15="Y",G15="y"),ROUND(H15*$B$10%,2),0) -> 0 | J15: =DataTable[[#This Row],[SUB TOTAL]]+DataTable[[#This Row],[GST]] -> 0
H16: =DataTable[[#This Row],[RATE]]*DataTable[[#This Row],[QTY]] -> 0 | I16: =IF(OR(G16="Y",G16="y"),ROUND(H16*$B$10%,2),0) -> 0 | J16: =DataTable[[#This Row],[SUB TOTAL]]+DataTable[[#This Row],[GST]] -> 0
H17: =DataTable[[#This Row],[RATE]]*DataTable[[#This Row],[QTY]] -> 0 | I17: =IF(OR(G17="Y",G17="y"),ROUND(H17*$B$10%,2),0) -> 0 | J17: =DataTable[[#This Row],[SUB TOTAL]]+DataTable[[#This Row],[GST]] -> 0
H18: =DataTable[[#This Row],[RATE]]*DataTable[[#This Row],[QTY]] -> 0 | I18: =IF(OR(G18="Y",G18="y"),ROUND(H18*$B$10%,2),0) -> 0 | J18: =DataTable[[#This Row],[SUB TOTAL]]+DataTable[[#This Row],[GST]] -> 0
H19: =DataTable[[#This Row],[RATE]]*DataTable[[#This Row],[QTY]] -> 0 | I19: =IF(OR(G19="Y",G19="y"),ROUND(H19*$B$10%,2),0) -> 0 | J19: =DataTable[[#This Row],[SUB TOTAL]]+DataTable[[#This Row],[GST]] -> 0
H20: =DataTable[[#This Row],[RATE]]*DataTable[[#This Row],[QTY]] -> 0 | I20: =IF(OR(G20="Y",G20="y"),ROUND(H20*$B$10%,2),0) -> 0 | J20: =DataTable[[#This Row],[SUB TOTAL]]+DataTable[[#This Row],[GST]] -> 0
H21: =DataTable[[#This Row],[RATE]]*DataTable[[#This Row],[QTY]] -> 0 | I21: =IF(OR(G21="Y",G21="y"),ROUND(H21*$B$10%,2),0) -> 0 | J21: =DataTable[[#This Row],[SUB TOTAL]]+DataTable[[#This Row],[GST]] -> 0
H22: =DataTable[[#This Row],[RATE]]*DataTable[[#This Row],[QTY]] -> 0 | I22: =IF(OR(G22="Y",G22="y"),ROUND(H22*$B$10%,2),0) -> 0 | J22: =DataTable[[#This Row],[SUB TOTAL]]+DataTable[[#This Row],[GST]] -> 0
H23: =DataTable[[#This Row],[RATE]]*DataTable[[#This Row],[QTY]] -> 0 | I23: =IF(OR(G23="Y",G23="y"),ROUND(H23*$B$10%,2),0) -> 0 | J23: =DataTable[[#This Row],[SUB TOTAL]]+DataTable[[#This Row],[GST]] -> 0
H24: =DataTable[[#This Row],[RATE]]*DataTable[[#This Row],[QTY]] -> 0 | I24: =IF(OR(G24="Y",G24="y"),ROUND(H24*$B$10%,2),0) -> 0 | J24: =DataTable[[#This Row],[SUB TOTAL]]+DataTable[[#This Row],[GST]] -> 0
... H100: =DataTable[[#This Row],[RATE]]*DataTable[[#This Row],[QTY]] -> 0 | I100: =IF(OR(G100="Y",G100="y"),ROUND(H100*$B$10%,2),0) -> 0 | J100: =DataTable[[#This Row],[SUB TOTAL]]+DataTable[[#This Row],[GST]] -> 0
